AddressBookOwnerName,FirstName,LastName,Address,City,State,Zipcode,MobileNumber,Email
Chaitanya,ChandraSekhar,J,asdf,bangalore,Karnataka,534902,9809809,chandrasekhar.j@gmail.com
Kumar,Vijay,K,cvbn,bangalore,Karnataka,720014,8908900,Vijay.k@gmail.com
Chaitanya,Chandrakala,K,cvbn,bangalore,Karnataka,620014,8908908,chandrakala.k@gmail.com
Chandrayudu,Vijaya,J,asdf,bangalore,Karnataka,534902,9809809,vijaya.j@gmail.com
Chandrayudu,Ramu,V,proddatur,Kadapa,AndhraPradesh,516360,1234890,ramu.v@gmail.com
Chaitanya,Ranadheera,V,proddatur,Kadapa,AndhraPradesh,516360,1234567,ranadheera.v@gmail.com
Kumar,Chaitanya,J,asdf,oweedj,Rajasthan,934902,9809800,chaitanya.j@gmail.com
Kumar,Gnaneshwar,V,proddatur,Kadapa,AndhraPradesh,516360,1234890,gnaneshwar.v@gmail.com
Chandrayudu,Bhaskar,K,cvbn,Pune,Maharashtra,520014,8908900,bhaskar.k@gmail.com